{
  "precision": 0.9743918053777209,
  "recall": 0.9883116883116884,
  "f1": 0.9813023855577048,
  "specificity": 0.9130434782608695,
  "balanced_accuracy": 0.9506775832862789,
  "roc_auc": 0.9972557876905703,
  "pr_auc": 0.9991901673951653
}